{"cameraMode":{"drawMode":0,"name":"Shaded","section":"Shading Mode"},"sceneLighting":false,"audioPlay":false,"sceneViewState":{"showFog":true,"showMaterialUpdate":false,"showSkybox":false,"showFlares":true,"showImageEffects":true,"showParticleSystems":true},"in2DMode":false,"pivot":{"x":0.026000022888183595,"y":-3.7829408645629885,"z":0.05286574363708496},"rotation":{"x":0.028703488409519197,"y":0.6762795448303223,"z":-0.026388095691800119,"w":0.7356137037277222},"size":7.483713626861572,"orthographic":true}