{"cameraMode":{"drawMode":0,"name":"Shaded","section":"Shading Mode"},"sceneLighting":false,"audioPlay":false,"sceneViewState":{"showFog":true,"showMaterialUpdate":false,"showSkybox":false,"showFlares":true,"showImageEffects":true,"showParticleSystems":true},"in2DMode":false,"pivot":{"x":-0.029999971389770509,"y":5.38700008392334,"z":-2.2209999561309816},"rotation":{"x":0.029073189944028856,"y":0.6954183578491211,"z":-0.02818000502884388,"w":0.7174638509750366},"size":1.6205024719238282,"orthographic":true}