{"cameraMode":{"drawMode":0,"name":"Shaded","section":"Shading Mode"},"sceneLighting":false,"audioPlay":false,"sceneViewState":{"showFog":true,"showMaterialUpdate":false,"showSkybox":false,"showFlares":true,"showImageEffects":true,"showParticleSystems":true},"in2DMode":false,"pivot":{"x":-96.05000305175781,"y":-1.3766846656799317,"z":-28.796173095703126},"rotation":{"x":0.16053666174411775,"y":0.7197182774543762,"z":-0.17727163434028626,"w":0.651773989200592},"size":45.65691375732422,"orthographic":true}