{"cameraMode":{"drawMode":0,"name":"Shaded","section":"Shading Mode"},"sceneLighting":false,"audioPlay":false,"sceneViewState":{"showFog":true,"showMaterialUpdate":false,"showSkybox":false,"showFlares":true,"showImageEffects":true,"showParticleSystems":true},"in2DMode":false,"pivot":{"x":1.4104706048965455,"y":4.897784233093262,"z":-12.278425216674805},"rotation":{"x":0.11406206339597702,"y":0.6707541942596436,"z":-0.10549484938383103,"w":0.7252245545387268},"size":10.0,"orthographic":true}