{"cameraMode":{"drawMode":0,"name":"Shaded","section":"Shading Mode"},"sceneLighting":false,"audioPlay":false,"sceneViewState":{"showFog":true,"showMaterialUpdate":false,"showSkybox":false,"showFlares":true,"showImageEffects":true,"showParticleSystems":true},"in2DMode":false,"pivot":{"x":-10.90999984741211,"y":-0.8296263217926025,"z":0.2999999523162842},"rotation":{"x":0.014870475977659226,"y":0.7058897614479065,"z":-0.01482593547552824,"w":0.7080107927322388},"size":12.964131355285645,"orthographic":true}