{"cameraMode":{"drawMode":0,"name":"Shaded","section":"Shading Mode"},"sceneLighting":false,"audioPlay":false,"sceneViewState":{"showFog":true,"showMaterialUpdate":false,"showSkybox":false,"showFlares":true,"showImageEffects":true,"showParticleSystems":true},"in2DMode":false,"pivot":{"x":0.0,"y":-0.9399999976158142,"z":-0.8252667188644409},"rotation":{"x":0.028703488409519197,"y":0.6762795448303223,"z":-0.026388095691800119,"w":0.7356137037277222},"size":0.7561011910438538,"orthographic":true}