{"cameraMode":{"drawMode":0,"name":"Shaded","section":"Shading Mode"},"sceneLighting":false,"audioPlay":false,"sceneViewState":{"showFog":true,"showMaterialUpdate":false,"showSkybox":false,"showFlares":true,"showImageEffects":true,"showParticleSystems":true},"in2DMode":false,"pivot":{"x":-0.08791643381118775,"y":6.143611431121826,"z":-2.2973058223724367},"rotation":{"x":0.0020725629292428495,"y":0.9941458702087402,"z":0.01938825286924839,"w":-0.1062786877155304},"size":2.763641595840454,"orthographic":true}