{"cameraMode":{"drawMode":0,"name":"Shaded","section":"Shading Mode"},"sceneLighting":false,"audioPlay":false,"sceneViewState":{"showFog":true,"showMaterialUpdate":false,"showSkybox":false,"showFlares":true,"showImageEffects":true,"showParticleSystems":true},"in2DMode":false,"pivot":{"x":-14.1899995803833,"y":-3.897000312805176,"z":-4.080999374389648},"rotation":{"x":0.028703488409519197,"y":0.6762795448303223,"z":-0.026388095691800119,"w":0.7356137037277222},"size":26.14800262451172,"orthographic":true}