{"cameraMode":{"drawMode":0,"name":"Shaded","section":"Shading Mode"},"sceneLighting":false,"audioPlay":false,"sceneViewState":{"showFog":true,"showMaterialUpdate":false,"showSkybox":false,"showFlares":true,"showImageEffects":true,"showParticleSystems":true},"in2DMode":false,"pivot":{"x":-0.9099998474121094,"y":0.0,"z":0.3000001907348633},"rotation":{"x":0.028703488409519197,"y":0.6762795448303223,"z":-0.026388095691800119,"w":0.7356137037277222},"size":28.135950088500978,"orthographic":true}