{"cameraMode":{"drawMode":0,"name":"Shaded","section":"Shading Mode"},"sceneLighting":false,"audioPlay":false,"sceneViewState":{"showFog":true,"showMaterialUpdate":false,"showSkybox":false,"showFlares":true,"showImageEffects":true,"showParticleSystems":true},"in2DMode":false,"pivot":{"x":80.0,"y":5.359999656677246,"z":-3.140000104904175},"rotation":{"x":0.0020725629292428495,"y":0.9941458702087402,"z":0.01938825286924839,"w":-0.1062786877155304},"size":1.3583085536956788,"orthographic":true}