{"cameraMode":{"drawMode":0,"name":"Shaded","section":"Shading Mode"},"sceneLighting":true,"audioPlay":false,"sceneViewState":{"showFog":true,"showMaterialUpdate":false,"showSkybox":false,"showFlares":true,"showImageEffects":true,"showParticleSystems":true},"in2DMode":false,"pivot":{"x":-15.11244010925293,"y":13.328096389770508,"z":4.5186567306518559},"rotation":{"x":0.2637442946434021,"y":0.6386508941650391,"z":-0.2480766475200653,"w":0.678985595703125},"size":7.305819034576416,"orthographic":true}