{"cameraMode":{"drawMode":0,"name":"Shaded","section":"Shading Mode"},"sceneLighting":false,"audioPlay":false,"sceneViewState":{"showFog":true,"showMaterialUpdate":false,"showSkybox":false,"showFlares":true,"showImageEffects":true,"showParticleSystems":true},"in2DMode":false,"pivot":{"x":0.006776012480258942,"y":0.04112038016319275,"z":0.004741448909044266},"rotation":{"x":0.08392318338155747,"y":0.704596996307373,"z":-0.08452965319156647,"w":0.699539303779602},"size":0.16649456322193147,"orthographic":false}