{"cameraMode":{"drawMode":0,"name":"Shaded","section":"Shading Mode"},"sceneLighting":false,"audioPlay":false,"sceneViewState":{"showFog":true,"showMaterialUpdate":false,"showSkybox":false,"showFlares":true,"showImageEffects":true,"showParticleSystems":true},"in2DMode":false,"pivot":{"x":0.09640073776245117,"y":1.6312499046325684,"z":0.0},"rotation":{"x":0.07632812857627869,"y":0.6920455694198608,"z":-0.07398290187120438,"w":0.7139841914176941},"size":2.430454730987549,"orthographic":true}