{"cameraMode":{"drawMode":0,"name":"Shaded","section":"Shading Mode"},"sceneLighting":false,"audioPlay":false,"sceneViewState":{"showFog":true,"showMaterialUpdate":false,"showSkybox":false,"showFlares":true,"showImageEffects":true,"showParticleSystems":true},"in2DMode":false,"pivot":{"x":269.20001220703127,"y":1.2349581718444825,"z":21.950000762939454},"rotation":{"x":0.06932070106267929,"y":0.7093226313591003,"z":-0.07045281678438187,"w":0.697920560836792},"size":2.666025161743164,"orthographic":false}