{"cameraMode":{"drawMode":0,"name":"Shaded","section":"Shading Mode"},"sceneLighting":false,"audioPlay":false,"sceneViewState":{"showFog":true,"showMaterialUpdate":false,"showSkybox":false,"showFlares":true,"showImageEffects":true,"showParticleSystems":true},"in2DMode":false,"pivot":{"x":80.0,"y":4.300000190734863,"z":-5.600000381469727},"rotation":{"x":0.0020725629292428495,"y":0.9941458702087402,"z":0.01938825286924839,"w":-0.1062786877155304},"size":2.5980818271636965,"orthographic":true}