{"cameraMode":{"drawMode":0,"name":"Shaded","section":"Shading Mode"},"sceneLighting":false,"audioPlay":false,"sceneViewState":{"showFog":true,"showMaterialUpdate":false,"showSkybox":false,"showFlares":true,"showImageEffects":true,"showParticleSystems":true},"in2DMode":false,"pivot":{"x":3.0599982738494875,"y":1.6446466445922852,"z":1.3798227310180665},"rotation":{"x":-0.012879010289907456,"y":0.6984586715698242,"z":0.012573647312819958,"w":0.7154255509376526},"size":3.737962484359741,"orthographic":true}