{"cameraMode":{"drawMode":0,"name":"Shaded","section":"Shading Mode"},"sceneLighting":false,"audioPlay":false,"sceneViewState":{"showFog":true,"showMaterialUpdate":false,"showSkybox":false,"showFlares":true,"showImageEffects":true,"showParticleSystems":true},"in2DMode":false,"pivot":{"x":-165.39999389648438,"y":36.939998626708987,"z":3.4000000953674318},"rotation":{"x":-0.012879010289907456,"y":0.6984586715698242,"z":0.012573647312819958,"w":0.7154255509376526},"size":10.0,"orthographic":true}