{"cameraMode":{"drawMode":0,"name":"Shaded","section":"Shading Mode"},"sceneLighting":false,"audioPlay":false,"sceneViewState":{"showFog":true,"showMaterialUpdate":false,"showSkybox":false,"showFlares":true,"showImageEffects":true,"showParticleSystems":true},"in2DMode":false,"pivot":{"x":508.0821228027344,"y":371.93426513671877,"z":8.12646484375},"rotation":{"x":-0.005999511573463678,"y":0.013795600272715092,"z":-0.00008339560736203566,"w":-0.9998883605003357},"size":450.0400695800781,"orthographic":true}