{"cameraMode":{"drawMode":0,"name":"Shaded","section":"Shading Mode"},"sceneLighting":false,"audioPlay":false,"sceneViewState":{"showFog":true,"showMaterialUpdate":false,"showSkybox":false,"showFlares":true,"showImageEffects":true,"showParticleSystems":true},"in2DMode":false,"pivot":{"x":-14.1899995803833,"y":-3.897000312805176,"z":-4.080999374389648},"rotation":{"x":0.01907791569828987,"y":0.6632185578346252,"z":-0.01691579818725586,"w":0.7479925155639648},"size":26.14800262451172,"orthographic":true}