{"cameraMode":{"drawMode":0,"name":"Shaded","section":"Shading Mode"},"sceneLighting":false,"audioPlay":false,"sceneViewState":{"showFog":true,"showMaterialUpdate":false,"showSkybox":false,"showFlares":true,"showImageEffects":true,"showParticleSystems":true},"in2DMode":false,"pivot":{"x":-1.2964558601379395,"y":223.40928649902345,"z":-3.0999999046325685},"rotation":{"x":-0.2500673830509186,"y":0.6798899173736572,"z":-0.26762282848358157,"w":-0.6352906823158264},"size":4.2614545822143559,"orthographic":true}