{"cameraMode":{"drawMode":0,"name":"Shaded","section":"Shading Mode"},"sceneLighting":false,"audioPlay":false,"sceneViewState":{"showFog":true,"showMaterialUpdate":false,"showSkybox":false,"showFlares":true,"showImageEffects":true,"showParticleSystems":true},"in2DMode":false,"pivot":{"x":171.4000244140625,"y":-254.17999267578126,"z":3.5999717712402345},"rotation":{"x":0.032942406833171847,"y":-0.6802919507026672,"z":0.030633827671408654,"w":0.731559157371521},"size":50.62959671020508,"orthographic":true}