{"cameraMode":{"drawMode":0,"name":"Shaded","section":"Shading Mode"},"sceneLighting":false,"audioPlay":false,"sceneViewState":{"showFog":true,"showMaterialUpdate":false,"showSkybox":false,"showFlares":true,"showImageEffects":true,"showParticleSystems":true},"in2DMode":false,"pivot":{"x":79.62356567382813,"y":-1.396810531616211,"z":0.3563241958618164},"rotation":{"x":-0.03549947589635849,"y":-0.6718307733535767,"z":0.03228175640106201,"w":-0.7391600608825684},"size":14.145190238952637,"orthographic":true}