{"cameraMode":{"drawMode":0,"name":"Shaded","section":"Shading Mode"},"sceneLighting":true,"audioPlay":false,"sceneViewState":{"showFog":true,"showMaterialUpdate":false,"showSkybox":true,"showFlares":true,"showImageEffects":true,"showParticleSystems":true},"in2DMode":false,"pivot":{"x":141.49888610839845,"y":-177.8208465576172,"z":4.733003616333008},"rotation":{"x":0.002045362489297986,"y":-0.7316973805427551,"z":-0.002195426495745778,"w":-0.6816301345825195},"size":76.1812744140625,"orthographic":true}