{"cameraMode":{"drawMode":0,"name":"Shaded","section":"Shading Mode"},"sceneLighting":false,"audioPlay":false,"sceneViewState":{"showFog":true,"showMaterialUpdate":false,"showSkybox":false,"showFlares":true,"showImageEffects":true,"showParticleSystems":true},"in2DMode":false,"pivot":{"x":-1.2964558601379395,"y":223.40928649902345,"z":-3.0999999046325685},"rotation":{"x":-0.10262256115674973,"y":0.7416984438896179,"z":-0.11665280908346176,"w":-0.65249103307724},"size":4.2614545822143559,"orthographic":true}