{"cameraMode":{"drawMode":0,"name":"Shaded","section":"Shading Mode"},"sceneLighting":false,"audioPlay":false,"sceneViewState":{"showFog":true,"showMaterialUpdate":false,"showSkybox":false,"showFlares":true,"showImageEffects":true,"showParticleSystems":true},"in2DMode":false,"pivot":{"x":-15.027999877929688,"y":-1.396810531616211,"z":0.3563241958618164},"rotation":{"x":-0.06477557867765427,"y":-0.5540249347686768,"z":0.0433126799762249,"w":-0.8288557529449463},"size":14.62954044342041,"orthographic":true}