{"cameraMode":{"drawMode":0,"name":"Shaded","section":"Shading Mode"},"sceneLighting":false,"audioPlay":false,"sceneViewState":{"showFog":true,"showMaterialUpdate":false,"showSkybox":false,"showFlares":true,"showImageEffects":true,"showParticleSystems":true},"in2DMode":false,"pivot":{"x":80.36614990234375,"y":5.339152812957764,"z":0.5738431811332703},"rotation":{"x":0.001498220837675035,"y":-0.9981003403663635,"z":0.026954645290970804,"w":0.055463556200265887},"size":6.115792751312256,"orthographic":true}