{"cameraMode":{"drawMode":0,"name":"Shaded","section":"Shading Mode"},"sceneLighting":false,"audioPlay":false,"sceneViewState":{"showFog":true,"showMaterialUpdate":false,"showSkybox":false,"showFlares":true,"showImageEffects":true,"showParticleSystems":true},"in2DMode":false,"pivot":{"x":1.2302379608154297,"y":200.04502868652345,"z":218.84600830078126},"rotation":{"x":0.002115819836035371,"y":-0.991633951663971,"z":0.01636365056037903,"w":0.12804241478443147},"size":119.73204040527344,"orthographic":true}